project_id,project_name,brand_family,official_project_url,inquiry_form_url,official_contact_page_url,region,city_area,micro_location,map_link,project_type,project_status,current_sales_status,developer_inventory_status,unit_types_offered_json,bedrooms_range_min,bedrooms_range_max,bua_range_min_sqm,bua_range_max_sqm,starting_price_value,starting_price_currency,price_range_min,price_range_max,price_status,pricing_date,pricing_disclaimer,payment_plan_headline,downpayment_percent_min,downpayment_percent_max,installment_years_min,installment_years_max,delivery_window,delivery_year_min,delivery_year_max,finishing_levels_offered_json,key_amenities_json,golf_flag,beach_access_flag,lagoons_flag,clubhouse_flag,pools_flag,gym_flag,brochure_urls_json,gallery_urls_json,source_links_json,screenshot_paths_json,last_verified_date,confidence_score,disclaimers_json,zones_json,unit_templates_json,listings_json
murano,Murano,Second_Home,https://wadidegladevelopments.com/project-phases/murano/,https://wadidegladevelopments.com/contact-us/,https://wadidegladevelopments.com/contact-us/,Ain Sokhna,Ain Sokhna Road,"750 meters of beach, 50 minutes from Cairo",Sales Team will assist you,resort,Sales Team will assist you,selling,Sales Team will assist you,"[""Attached Villas"", ""Chalets"", ""Duplexes"", ""Villas"", ""loft"", ""penthouse""]",2,4,50,260,,,,,on_request,,Prices available upon request from Wadi Degla Developments.,,,,,,Sales Team will assist you,,,[],"[""Swimming Pools"", ""Entertainment Area"", ""Supermarket"", ""Green Areas"", ""Restaurants"", ""750 metres of golden sandy beach"", ""Infinity Pool"", ""Pool Bars"", ""Beach Walk"", ""Outdoor Gym"", ""Beach Football"", ""Beach Volleyball"", ""Events Area"", ""Beach Clubhouse"", ""Wooden Deck"", ""Hot Springs"", ""Commercial Area"", ""Sitting Area""]",false,true,true,,true,,"[""https://wadidegladevelopments.com/wp-content/uploads/2023/09/Waterside-Brochure.pdf"", ""https://wadidegladevelopments.com/wp-content/uploads/2025/09/WDD-Magazine-25-Digital.pdf""]",[],"[""https://wadidegladevelopments.com/project-phases/murano/"", ""https://wadidegladevelopments.com/projects/""]","[""raw/screens/murano_top_1771723938584.png"", ""raw/screens/murano_middle_phases_1771723984094.png""]",2026-02-25,0.95,"[""Pricing not published on official site; on request only."", ""Brochures are image-based PDFs; specs not machine-readable."", ""Some project details are not publicly disclosed by WDD; Sales Team will assist you.""]","[{""name"": ""Living Community"", ""url"": ""https://wadidegladevelopments.com/projects/murano/""}, {""name"": ""Waterside"", ""url"": ""https://wadidegladevelopments.com/projects/water-side/""}, {""name"": ""Floating Islands"", ""url"": ""https://wadidegladevelopments.com/projects/floating-islands/""}, {""name"": ""Ojo"", ""url"": ""https://wadidegladevelopments.com/projects/ojo-2/""}]",[],[]
clubtown,ClubTown,Residential,https://wadidegladevelopments.com/project-phases/clubtown/,https://wadidegladevelopments.com/contact-us/,https://wadidegladevelopments.com/contact-us/,Cairo,Maadi,New Degla,Sales Team will assist you,residential,under_construction,selling,Sales Team will assist you,"[""Apartments"", ""Duplexes""]",,,,,,,,,on_request,,Prices available upon request from Wadi Degla Developments. Call 19917 or visit official project page.,,,,,,Sales Team will assist you,2022,,[],"[""Retail"", ""Admin"", ""Sports Courts"", ""Outdoor Fitness Area"", ""Club House"", ""Mosque"", ""Food Court"", ""Banks"", ""Gym"", ""Padel Tennis"", ""Swimming Pools"", ""Nurseries & Kids Gardens""]",false,false,false,true,true,true,"[""https://wadidegladevelopments.com/wp-content/uploads/2025/09/WDD-Magazine-25-Digital.pdf""]","[""https://wadidegladevelopments.com/wp-content/uploads/2023/10/BreezeHorizon-M.-Plan-01-scaled.jpg"", ""https://wadidegladevelopments.com/wp-content/uploads/2023/10/CAM02-Frontyard-2-1-scaled-e1696240092640.jpg""]","[""https://wadidegladevelopments.com/project-phases/clubtown/"", ""https://wadidegladevelopments.com/projects/""]","[""raw/screens/clubtown_top.png"", ""raw/screens/clubtown_phases.png""]",2026-02-25,0.60,"[""Pricing not published; on request only."", ""Delivery year 2022 references earlier phases only; newer phases still under construction."", ""Some project details are not publicly disclosed by WDD; Sales Team will assist you.""]","[{""name"": ""Breeze"", ""url"": ""https://wadidegladevelopments.com/projects/breeze/""}, {""name"": ""Horizon"", ""url"": ""https://wadidegladevelopments.com/projects/horizon/""}, {""name"": ""Edge"", ""url"": ""https://wadidegladevelopments.com/projects/edge/""}]",[],[]
neo,Neo,Residential,https://wadidegladevelopments.com/project-phases/neo/,https://wadidegladevelopments.com/projects/neo-gardens/#wpcf7-f5124-o1,https://wadidegladevelopments.com/contact-us/,East Cairo,Mostakbal City,Heart of Mostakbal City,Sales Team will assist you,residential,under_construction,selling,Sales Team will assist you,"[""Apartments"", ""Duplexes""]",,,,,,,,,on_request,,Prices available upon request from Wadi Degla Developments.,,,,,,Sales Team will assist you,,,[],"[""Green Areas"", ""Parking"", ""International School"", ""Nursery"", ""Clinics"", ""Mosque"", ""Medical Services"", ""Commercial & Entertainment Hub"", ""24/7 Security"", ""Green Area"", ""Medical"", ""Commercial Area""]",false,false,false,false,false,false,"[""https://wadidegladevelopments.com/wp-content/uploads/2023/09/Wadi-Degla-Development-Neopolis-Neo-Gardens.pdf""]","[""https://wadidegladevelopments.com/wp-content/uploads/2023/10/Untitled-2-01.jpg"", ""https://wadidegladevelopments.com/wp-content/uploads/2023/10/Untitled-2-02.jpg""]","[""https://wadidegladevelopments.com/project-phases/neo/"", ""https://wadidegladevelopments.com/projects/""]","[""raw/screens/neo_hero_section_1771725070544.png"", ""raw/screens/neo_phases_section_1771725087443.png""]",2026-02-25,0.65,"[""Pricing not published; on request only."", ""Brochure Neopolis-Neo-Gardens.pdf is image-based; specs not machine-readable."", ""Neopolis appears to be the master name for this Mostakbal City cluster."", ""Some project details are not publicly disclosed by WDD; Sales Team will assist you.""]","[{""name"": ""Neo Lakes"", ""url"": ""https://wadidegladevelopments.com/projects/neo-lakes/""}, {""name"": ""Neo Gardens"", ""url"": ""https://wadidegladevelopments.com/projects/neo-gardens/""}]",[],[]
vero,Vero,Second_Home,https://wadidegladevelopments.com/projects/vero/,https://wadidegladevelopments.com/contact-us/,https://wadidegladevelopments.com/contact-us/,North Coast,Sidi Abd El Rahman,"Sidi Abd El Rahman, elevated coastal retreat",Sales Team will assist you,resort,Sales Team will assist you,selling,Sales Team will assist you,"[""Serviced Apartments"", ""Residential Apartments""]",,,,,,,,,on_request,,Prices available upon request from Wadi Degla Developments. Call 19917 or visit official project page.,,,,,,Sales Team will assist you,,,[],"[""Horizon Pool"", ""24/7 Lounge Reception & Concierge"", ""Housekeeping"", ""Fitness Center"", ""Pool Bar"", ""Swimming Pool"", ""Commercial Outlet"", ""Vero Beach Bar""]",,true,,,true,true,"[""https://wadidegladevelopments.com/wp-content/uploads/2025/09/WDD-Magazine-25-Digital.pdf""]","[""https://wadidegladevelopments.com/wp-content/uploads/2026/02/Cam02-Beach-Club-scaled.jpg"", ""https://wadidegladevelopments.com/wp-content/uploads/2026/02/Cam-01.terrace-vero-no-ppl--scaled.jpg"", ""https://wadidegladevelopments.com/wp-content/uploads/2026/02/cam04-pool-scaled.jpg""]","[""https://wadidegladevelopments.com/projects/vero/"", ""https://wadidegladevelopments.com/projects/""]","[""raw/screens/vero_top_1771726235415.png"", ""raw/screens/vero_mid_1771726253750.png"", ""raw/screens/vero_bottom_1771726273397.png""]",2026-02-25,0.60,"[""Pricing not published; on request only."", ""Project spans 34,000 sqm per page; individual unit BUA not published."", ""Some project details are not publicly disclosed by WDD; Sales Team will assist you.""]",[],[],[]
promenade_new_cairo,Promenade New Cairo,Residential,https://wadidegladevelopments.com/projects/promnade-new-cairo/,https://wadidegladevelopments.com/projects/promnade-new-cairo/,https://wadidegladevelopments.com/contact-us/,East Cairo,New Cairo,5 minutes from AUC and Road 90,Sales Team will assist you,residential,Sales Team will assist you,selling,Sales Team will assist you,"[""Apartments"", ""Penthouses""]",,,,,,,,,on_request,,Prices available upon request from Wadi Degla Developments. Call 19917 or visit official project page.,,,,,,Sales Team will assist you,,,[],"[""Walking Track"", ""Gym"", ""Swimming Pools"", ""Secured Parking"", ""The Hub Waterway"", ""Squash Court"", ""Spa"", ""360-degree view""]",,,,,true,true,"[""https://wadidegladevelopments.com/wp-content/uploads/2025/09/WDD-Magazine-25-Digital.pdf""]","[""https://wadidegladevelopments.com/wp-content/uploads/2023/09/WhatsApp-Image-2024-02-28-at-2.49.17-PM-2.jpeg"", ""https://wadidegladevelopments.com/wp-content/uploads/2023/09/WhatsApp-Image-2024-02-28-at-2.49.18-PM.jpeg""]","[""https://wadidegladevelopments.com/projects/promnade-new-cairo/"", ""https://wadidegladevelopments.com/projects/""]","[""raw/screens/promenade_top_1771726387275.png"", ""raw/screens/promenade_mid_1771726412577.png""]",2026-02-25,0.60,"[""Pricing not published; on request only."", ""Some project details are not publicly disclosed by WDD; Sales Team will assist you.""]",[],[],[]
blumar_el_sokhna,Blumar El Sokhna,Second_Home,https://wadidegladevelopments.com/projects/blumarelsokhna/,https://wadidegladevelopments.com/contact-us/,https://wadidegladevelopments.com/contact-us/,Ain Sokhna,Suez Road,Sales Team will assist you,Sales Team will assist you,resort,delivered,not_selling,sold_out,[],,,,,,,,,on_request,,Prices available upon request from Wadi Degla Developments. Call 19917 or visit official project page.,,,,,,Sales Team will assist you,,,[],"[""Swimming Pools"", ""Green Areas"", ""Restaurants"", ""Supermarket""]",false,true,,,true,false,"[""https://wadidegladevelopments.com/wp-content/uploads/2025/09/WDD-Magazine-25-Digital.pdf""]",[],"[""https://wadidegladevelopments.com/projects/blumarelsokhna/"", ""https://wadidegladevelopments.com/projects/""]","[""raw/screens/index/blumar_el_sokhna_card.png"", ""raw/screens/index/projects_index.png""]",2026-02-25,0.50,"[""Sold Out per official projects index."", ""Some project details are not publicly disclosed by WDD; Sales Team will assist you.""]",[],[],[]
blumar_hills,Blumar Hills,Second_Home,https://wadidegladevelopments.com/projects/blumar-hills/,https://wadidegladevelopments.com/contact-us/,https://wadidegladevelopments.com/contact-us/,Ain Sokhna,Zaafarana Road,Sales Team will assist you,Sales Team will assist you,resort,delivered,not_selling,sold_out,"[""Chalets""]",,,,,,,,,on_request,,Prices available upon request from Wadi Degla Developments. Call 19917 or visit official project page.,,,,,,Sales Team will assist you,,,[],"[""Swimming Pools""]",false,true,,,true,false,"[""https://wadidegladevelopments.com/wp-content/uploads/2025/09/WDD-Magazine-25-Digital.pdf""]",[],"[""https://wadidegladevelopments.com/projects/blumar-hills/"", ""https://wadidegladevelopments.com/projects/""]","[""raw/screens/index/blumar_hills_card.png"", ""raw/screens/index/projects_index.png""]",2026-02-25,0.50,"[""Sold Out per official projects index."", ""Some project details are not publicly disclosed by WDD; Sales Team will assist you.""]",[],[],[]
tijan_maadi,Tijan Maadi,Residential,https://wadidegladevelopments.com/projects/tijan-maadi/,https://wadidegladevelopments.com/contact-us/,https://wadidegladevelopments.com/contact-us/,Cairo,Maadi,New Degla,Sales Team will assist you,residential,delivered,not_selling,sold_out,"[""Apartments""]",,,,,,,,,on_request,,Prices available upon request from Wadi Degla Developments. Call 19917 or visit official project page.,,,,,,Sales Team will assist you,,,[],"[""Green Areas"", ""Secured Parking"", ""Water Feature"", ""Walking Track"", ""Club House"", ""Swimming Pools""]",false,false,false,true,true,false,[],[],"[""https://wadidegladevelopments.com/projects/tijan-maadi/"", ""https://wadidegladevelopments.com/projects/""]","[""raw/screens/index/tijan_maadi_card.png"", ""raw/screens/index/projects_index.png""]",2026-02-25,0.50,"[""Sold Out per official projects index."", ""Some project details are not publicly disclosed by WDD; Sales Team will assist you.""]",[],[],[]
blumar_el_dome,Blumar El Dome,Second_Home,https://wadidegladevelopments.com/projects/blumar-el-dome/,https://wadidegladevelopments.com/contact-us/,https://wadidegladevelopments.com/contact-us/,Ain Sokhna,Zaafarana Road,Sales Team will assist you,Sales Team will assist you,resort,delivered,not_selling,sold_out,"[""Chalets""]",,,,,,,,,on_request,,Prices available upon request from Wadi Degla Developments. Call 19917 or visit official project page.,,,,,,Sales Team will assist you,,,[],"[""Restaurants"", ""Hotel"", ""Swimming Pools""]",false,true,false,false,true,false,[],[],"[""https://wadidegladevelopments.com/projects/blumar-el-dome/"", ""https://wadidegladevelopments.com/projects/""]","[""raw/screens/index/blumar_el_dome_card.png"", ""raw/screens/index/projects_index.png""]",2026-02-25,0.50,"[""Sold Out per official projects index."", ""Some project details are not publicly disclosed by WDD; Sales Team will assist you.""]",[],[],[]
pyramids_walk,Pyramids Walk,Residential,https://wadidegladevelopments.com/projects/pyramids-walk/,https://wadidegladevelopments.com/contact-us/,https://wadidegladevelopments.com/contact-us/,West Cairo,6th of October,Sales Team will assist you,Sales Team will assist you,residential,delivered,not_selling,sold_out,"[""Twin Houses"", ""Town Houses""]",,,,,,,,,on_request,,Prices available upon request from Wadi Degla Developments. Call 19917 or visit official project page.,,,,,,Sales Team will assist you,,,[],"[""Swimming Pools"", ""Green Areas"", ""Secured Parking"", ""360-degree view"", ""Gym"", ""Spa""]",false,false,false,false,true,true,[],[],"[""https://wadidegladevelopments.com/projects/pyramids-walk/"", ""https://wadidegladevelopments.com/projects/""]","[""raw/screens/pyramids_walk_project_1771728438187.png"", ""raw/screens/index/projects_index.png""]",2026-02-25,0.50,"[""Sold Out per official projects index."", ""Delivered 2016; 140,000 sqm in 6th of October."", ""Some project details are not publicly disclosed by WDD; Sales Team will assist you.""]",[],[],[]
blumar_sidi_abd_el_rahman,Blumar Sidi Abd El Rahman,Second_Home,https://wadidegladevelopments.com/projects/blumar-sidi-abdel-rahman-2/,https://wadidegladevelopments.com/contact-us/,https://wadidegladevelopments.com/contact-us/,North Coast,Sidi Abdel Rahman,Sales Team will assist you,Sales Team will assist you,resort,delivered,not_selling,sold_out,"[""Chalets"", ""Villas""]",,,,,,,,,on_request,,Prices available upon request from Wadi Degla Developments. Call 19917 or visit official project page.,,,,,,Sales Team will assist you,,,[],"[""Green Areas"", ""Swimming Pools"", ""Restaurants"", ""Hotel""]",false,true,false,false,true,false,[],[],"[""https://wadidegladevelopments.com/projects/blumar-sidi-abdel-rahman-2/"", ""https://wadidegladevelopments.com/projects/""]","[""raw/screens/blumar_sidi_abdel_rahman_1771728548479.png"", ""raw/screens/index/projects_index.png""]",2026-02-25,0.50,"[""Sold Out per official projects index."", ""First North Coast resort; 270,000 sqm; since 2009."", ""Some project details are not publicly disclosed by WDD; Sales Team will assist you.""]",[],[],[]
tijan_zahraa_el_maadi,Tijan Zahraa El Maadi,Residential,https://wadidegladevelopments.com/projects/tijan-zahraa-maadi/,https://wadidegladevelopments.com/contact-us/,https://wadidegladevelopments.com/contact-us/,Cairo,Zahraa El Maadi,Sales Team will assist you,Sales Team will assist you,residential,delivered,not_selling,sold_out,"[""Apartments""]",,,,,,,,,on_request,,Prices available upon request from Wadi Degla Developments. Call 19917 or visit official project page.,,,,,,Sales Team will assist you,,,[],"[""Green Areas"", ""Secured Parking"", ""Water Feature""]",false,false,false,false,false,false,[],[],"[""https://wadidegladevelopments.com/projects/tijan-zahraa-maadi/"", ""https://wadidegladevelopments.com/projects/""]","[""raw/screens/tijan_zahraa_maadi_1771728598658.png"", ""raw/screens/index/projects_index.png""]",2026-02-25,0.50,"[""Sold Out per official projects index."", ""Some project details are not publicly disclosed by WDD; Sales Team will assist you.""]",[],[],[]
canal_residence,Canal Residence,Residential,https://wadidegladevelopments.com/projects/canal_residence/,https://wadidegladevelopments.com/contact-us/,https://wadidegladevelopments.com/contact-us/,Cairo,Maadi,Sarayat el Maadi,Sales Team will assist you,residential,delivered,not_selling,sold_out,"[""Apartments"", ""Duplexes""]",,,,,,,,,on_request,,Prices available upon request from Wadi Degla Developments. Call 19917 or visit official project page.,,,,,,Sales Team will assist you,,,[],"[""Secured Parking"", ""Swimming Pool""]",false,false,false,false,true,false,[],[],"[""https://wadidegladevelopments.com/projects/canal_residence/"", ""https://wadidegladevelopments.com/projects/""]","[""raw/screens/canal_residence_1771728668330.png"", ""raw/screens/index/projects_index.png""]",2026-02-25,0.50,"[""Sold Out per official projects index."", ""Some project details are not publicly disclosed by WDD; Sales Team will assist you.""]",[],[],[]
river_walk,River Walk,Residential,https://wadidegladevelopments.com/projects/river-walk/,https://wadidegladevelopments.com/contact-us/,https://wadidegladevelopments.com/contact-us/,East Cairo,New Cairo,Sales Team will assist you,Sales Team will assist you,residential,delivered,not_selling,sold_out,"[""Villas"", ""Attached Villas""]",,,,,,,,,on_request,,Prices available upon request from Wadi Degla Developments. Call 19917 or visit official project page.,,,,,,Sales Team will assist you,,,[],"[""Swimming Pools"", ""Green Areas"", ""Secured Parking"", ""Commercial Area"", ""360-degree view"", ""River Walk Mall""]",false,false,false,false,true,false,[],[],"[""https://wadidegladevelopments.com/projects/river-walk/"", ""https://wadidegladevelopments.com/projects/""]","[""raw/screens/river_walk_1771728741501.png"", ""raw/screens/index/projects_index.png""]",2026-02-25,0.50,"[""Sold Out per official projects index."", ""Since 2012; 115,000 sqm; 98 families."", ""Some project details are not publicly disclosed by WDD; Sales Team will assist you.""]",[],[],[]
marina_wadi_degla,Marina Wadi Degla,Second_Home,https://wadidegladevelopments.com/projects/blumar-marina-wadi-degla/,https://wadidegladevelopments.com/contact-us/,https://wadidegladevelopments.com/contact-us/,Ain Sokhna,Suez Road,Sales Team will assist you,Sales Team will assist you,resort,delivered,not_selling,sold_out,"[""Villas"", ""Attached Villas"", ""Chalets""]",,,,,,,,,on_request,,Prices available upon request from Wadi Degla Developments. Call 19917 or visit official project page.,,,,,,Sales Team will assist you,,,[],"[""Swimming Pools"", ""Green Areas"", ""Restaurants"", ""Entertainment Area"", ""Gym"", ""Bakery"", ""Hotel"", ""360-degree view"", ""Private beaches""]",false,true,false,false,true,true,[],[],"[""https://wadidegladevelopments.com/projects/blumar-marina-wadi-degla/"", ""https://wadidegladevelopments.com/projects/""]","[""raw/screens/marina_wadi_degla_project_1771728818699.png"", ""raw/screens/index/projects_index.png""]",2026-02-25,0.50,"[""Sold Out per official projects index."", ""Since 2007."", ""Some project details are not publicly disclosed by WDD; Sales Team will assist you.""]",[],[],[]
living_community,Living Community,Second_Home,https://wadidegladevelopments.com/projects/murano/,https://wadidegladevelopments.com/contact-us/,https://wadidegladevelopments.com/contact-us/,Ain Sokhna,El Sokhna,Zaafarana Road,Sales Team will assist you,resort,Sales Team will assist you,selling,Sales Team will assist you,"[""Attached Villas"", ""Chalets"", ""Duplexes"", ""Villas"", ""loft"", ""penthouse""]",2,4,50,260,,,,,on_request,,Prices available upon request from Wadi Degla Developments.,,,,,,Sales Team will assist you,,,[],"[""750-metre beachfront"", ""Private beaches"", ""Six pools"", ""Green Areas"", ""Entertainment Area"", ""Restaurants"", ""Supermarket"", ""Hot Spring"", ""Beach"", ""Swimming Pools"", ""Outdoor Pool"", ""Beach Walk"", ""Sitting Area"", ""Commercial Area""]",false,true,false,false,true,false,"[""https://wadidegladevelopments.com/wp-content/uploads/2023/09/Waterside-Brochure.pdf""]",[],"[""https://wadidegladevelopments.com/projects/murano/"", ""https://wadidegladevelopments.com/projects/""]","[""raw/screens/murano_top_1771729128709.png"", ""raw/screens/murano_bottom_1771729130491.png""]",2026-02-25,0.95,"[""Pricing not published; on request only."", ""Phase of Murano El Sokhna resort."", ""Brochure is image-based."", ""Some project details are not publicly disclosed by WDD; Sales Team will assist you.""]",[],[],[]
waterside,Waterside,Second_Home,https://wadidegladevelopments.com/projects/water-side/,https://wadidegladevelopments.com/contact-us/,https://wadidegladevelopments.com/contact-us/,Ain Sokhna,Ain Sokhna,Murano,Sales Team will assist you,resort,Sales Team will assist you,selling,Sales Team will assist you,"[""Chalets"", ""Duplexes"", ""Villas"", ""loft"", ""penthouse""]",2,4,50,260,,,,,on_request,,Prices available upon request from Wadi Degla Developments.,,,,,,Sales Team will assist you,,,[],"[""Swimming Pools"", ""Green Areas"", ""Entertainment Area"", ""Restaurants"", ""Supermarket"", ""Beach Walk"", ""Outdoor Gym"", ""Beach Volleyball"", ""Events Area"", ""Wooden Deck"", ""Pool Bars"", ""Commercial Area""]",false,true,false,false,true,false,"[""https://wadidegladevelopments.com/wp-content/uploads/2023/09/Waterside-Brochure.pdf""]",[],"[""https://wadidegladevelopments.com/projects/water-side/"", ""https://wadidegladevelopments.com/projects/""]","[""raw/screens/waterside_top_1771728890379.png"", ""raw/screens/waterside_bottom_1771728963344.png""]",2026-02-25,0.95,"[""Pricing not published; on request only."", ""Phase of Murano; brochure downloaded (9.6MB) image-based."", ""Some project details are not publicly disclosed by WDD; Sales Team will assist you.""]",[],[],[]
floating_islands,Floating Islands,Second_Home,https://wadidegladevelopments.com/projects/floating-islands/,https://wadidegladevelopments.com/contact-us/,https://wadidegladevelopments.com/contact-us/,Ain Sokhna,Ain Sokhna,Murano,Sales Team will assist you,resort,Sales Team will assist you,selling,Sales Team will assist you,"[""Duplexes"", ""Chalets"", ""Villas""]",,,,,,,,,on_request,,Prices available upon request from Wadi Degla Developments.,,,,,,Sales Team will assist you,,,[],"[""Entertainment Area"", ""Green Areas"", ""Swimming Pools"", ""Restaurants"", ""Supermarket""]",false,true,false,false,true,false,"[""https://wadidegladevelopments.com/wp-content/uploads/2024/07/Floating-Islands-Brochure.pdf""]",[],"[""https://wadidegladevelopments.com/projects/floating-islands/"", ""https://wadidegladevelopments.com/projects/""]","[""raw/screens/floating_islands_top_1771729005634.png"", ""raw/screens/floating_islands_bottom_1771729006586.png""]",2026-02-25,0.65,"[""Pricing not published; on request only."", ""Phase of Murano; brochure downloaded (2.5MB) image-based."", ""Some project details are not publicly disclosed by WDD; Sales Team will assist you.""]",[],[],[]
ojo,Ojo,Second_Home,https://wadidegladevelopments.com/projects/ojo-2/,https://wadidegladevelopments.com/contact-us/,https://wadidegladevelopments.com/contact-us/,Ain Sokhna,Ain Sokhna,Murano,Sales Team will assist you,resort,Sales Team will assist you,selling,Sales Team will assist you,"[""Standalone Villas"", ""Town Houses"", ""Chalets""]",1,3,,,,,,,on_request,,Prices available upon request from Wadi Degla Developments.,,,,,,Sales Team will assist you,,,[],"[""Serene lagoons and edge pools"", ""Beach access"", ""Commercial promenade"", ""Casa Club"", ""The Green Park (6-feddan landscaped sanctuary)"", ""Swimmable Lagoons"", ""Crystal River"", ""Parkland"", ""Commercial Promenade"", ""Caf\u00e9s"", ""Boutique Shops"", ""Dining"", ""24/7 Security"", ""Beach""]",false,true,true,true,true,false,"[""https://wadidegladevelopments.com/wp-content/uploads/2025/12/Ojo-Brochure.pdf""]",[],"[""https://wadidegladevelopments.com/projects/ojo-2/"", ""https://wadidegladevelopments.com/projects/""]","[""raw/screens/ojo_top_1771729061413.png"", ""raw/screens/ojo_bottom_1771729062550.png""]",2026-02-25,0.65,"[""Pricing not published; on request only."", ""Phase of Murano; brochure downloaded (73MB) image-based."", ""Some project details are not publicly disclosed by WDD; Sales Team will assist you.""]",[],[],[]
neo_lakes,Neo Lakes,Residential,https://wadidegladevelopments.com/projects/neo-lakes/,https://wadidegladevelopments.com/contact-us/,https://wadidegladevelopments.com/contact-us/,East Cairo,Mostakbal City,Heart of Mostakbal City,Sales Team will assist you,residential,Sales Team will assist you,selling,Sales Team will assist you,"[""Apartments"", ""Duplexes""]",,,,,,,,,on_request,,Prices available upon request from Wadi Degla Developments.,,,,,,Sales Team will assist you,,,[],"[""International School"", ""Parking"", ""Nursery"", ""Green Areas"", ""Clinics"", ""Commercial and entertainment hub"", ""24/7 security""]",false,false,true,false,false,false,"[""https://wadidegladevelopments.com/wp-content/uploads/2023/10/Neo-Lakes.pdf""]",[],"[""https://wadidegladevelopments.com/projects/neo-lakes/"", ""https://wadidegladevelopments.com/projects/""]","[""raw/screens/neo_lakes_top_1771729210282.png"", ""raw/screens/neo_lakes_bottom_1771729216623.png""]",2026-02-25,0.65,"[""Pricing not published; on request only."", ""Phase of Neo (Neopolis) Mostakbal City; brochure image-based."", ""Some project details are not publicly disclosed by WDD; Sales Team will assist you.""]",[],[],[]
neo_gardens,Neo Gardens,Residential,https://wadidegladevelopments.com/projects/neo-gardens/,https://wadidegladevelopments.com/projects/neo-gardens/#wpcf7-f5124-o1,https://wadidegladevelopments.com/contact-us/,East Cairo,Mostakbal City,Heart of Mostakbal City,Sales Team will assist you,residential,Sales Team will assist you,selling,Sales Team will assist you,"[""Apartments""]",,,,,,,,,on_request,,Prices available upon request from Wadi Degla Developments.,,,,,,Sales Team will assist you,,,[],"[""Commercial Area"", ""Green Areas"", ""Mosque"", ""Nursery"", ""Medical Services"", ""24/7 security"", ""Parking"", ""24/7 Security"", ""Green Area"", ""Medical""]",false,false,false,false,false,false,"[""https://wadidegladevelopments.com/wp-content/uploads/2023/09/Wadi-Degla-Development-Neopolis-Neo-Gardens.pdf""]",[],"[""https://wadidegladevelopments.com/projects/neo-gardens/"", ""https://wadidegladevelopments.com/projects/""]","[""raw/screens/neo_gardens_top_1771729801748.png"", ""raw/screens/neo_gardens_bottom_1771729985232.png""]",2026-02-25,0.65,"[""Pricing not published; on request only."", ""Phase of Neo (Neopolis) Mostakbal City; brochure image-based."", ""Some project details are not publicly disclosed by WDD; Sales Team will assist you.""]",[],[],[]
breeze,Breeze,Residential,https://wadidegladevelopments.com/projects/breeze/,https://wadidegladevelopments.com/contact-us/,https://wadidegladevelopments.com/contact-us/,Cairo,Maadi,New Degla,Sales Team will assist you,residential,Sales Team will assist you,selling,Sales Team will assist you,"[""Apartments"", ""Duplexes"", ""retail""]",,,,,,,,,on_request,,Prices available upon request from Wadi Degla Developments.,,,,,,Sales Team will assist you,,,[],"[""Swimming Pools"", ""Nurseries & Kids Gardens"", ""Retail"", ""Admin"", ""Sports Courts"", ""Outdoor Fitness Area"", ""Club House"", ""Mosque"", ""Food Court"", ""Banks"", ""Gym"", ""Padel Tennis""]",false,false,false,true,true,true,"[""https://wadidegladevelopments.com/wp-content/uploads/2023/10/CT-Breeze-Brochure.pdf""]",[],"[""https://wadidegladevelopments.com/projects/breeze/"", ""https://wadidegladevelopments.com/projects/""]","[""raw/screens/breeze_page.png"", ""raw/screens/index/breeze_card.png""]",2026-02-25,0.75,"[""Pricing not published; on request only."", ""Phase of ClubTown New Degla."", ""Some project details are not publicly disclosed by WDD; Sales Team will assist you.""]",[],[],[]
horizon,Horizon,Residential,https://wadidegladevelopments.com/projects/horizon/,https://wadidegladevelopments.com/contact-us/,https://wadidegladevelopments.com/contact-us/,Cairo,Maadi,New Degla,Sales Team will assist you,residential,Sales Team will assist you,selling,Sales Team will assist you,"[""Apartments"", ""Duplexes"", ""retail""]",,,,,,,,,on_request,,Prices available upon request from Wadi Degla Developments.,,,,,,Sales Team will assist you,,,[],"[""Swimming Pools"", ""Nurseries & Kids Gardens"", ""Retail"", ""Admin"", ""Sports Courts"", ""Outdoor Fitness Area"", ""Club House"", ""Mosque"", ""Food Court"", ""Banks"", ""Gym"", ""Padel Tennis"", ""Waterfall""]",false,false,false,true,true,true,"[""https://wadidegladevelopments.com/wp-content/uploads/2023/10/CT-Horizon-Brochure-Wadi-Degla-Developments_.pdf""]",[],"[""https://wadidegladevelopments.com/projects/horizon/"", ""https://wadidegladevelopments.com/projects/""]","[""raw/screens/horizon_page.png"", ""raw/screens/index/horizon_card.png""]",2026-02-25,0.75,"[""Pricing not published; on request only."", ""Phase of ClubTown New Degla."", ""Some project details are not publicly disclosed by WDD; Sales Team will assist you.""]",[],[],[]
edge,Edge,Residential,https://wadidegladevelopments.com/projects/edge/,https://wadidegladevelopments.com/contact-us/,https://wadidegladevelopments.com/contact-us/,Cairo,Maadi,New Degla,Sales Team will assist you,residential,Sales Team will assist you,selling,Sales Team will assist you,"[""Apartments"", ""Duplexes""]",,,,,,,,,on_request,,Prices available upon request from Wadi Degla Developments.,,,,19,19,Sales Team will assist you,,,[],"[""Swimming Pools"", ""Gym"", ""Mosque"", ""Nurseries & Kids Gardens"", ""Retail"", ""Admin"", ""Sports Courts"", ""Outdoor Fitness Area"", ""Club House"", ""Food Court"", ""Banks"", ""Padel Tennis"", ""Waterfall""]",false,false,false,true,true,true,"[""https://wadidegladevelopments.com/wp-content/uploads/2024/07/Edge-Brochure-2.pdf""]",[],"[""https://wadidegladevelopments.com/projects/edge/"", ""https://wadidegladevelopments.com/projects/""]","[""raw/screens/edge_page.png"", ""raw/screens/index/edge_card.png""]",2026-02-25,0.75,"[""Pricing not published; on request only."", ""Phase of ClubTown New Degla."", ""Some project details are not publicly disclosed by WDD; Sales Team will assist you.""]",[],[],[]
vyon,VYON,Residential,https://wadidegladevelopments.com/projects/vyon/,https://wadidegladevelopments.com/contact-us/,https://wadidegladevelopments.com/contact-us/,Cairo,Maadi,New Degla,Sales Team will assist you,residential,Sales Team will assist you,selling,Sales Team will assist you,"[""Lofts"", ""Penthouses"", ""Apartments"", ""Duplexes""]",,,,,,,,,on_request,,Prices available upon request from Wadi Degla Developments.,,,,,,Sales Team will assist you,,,[],"[""Outdoor Dining & BBQ Area"", ""Rooftop Cinema"", ""Rooftop Social Lounges"", ""Co-Working & Meeting Pods"", ""Roof plaza"", ""Infinity-Edge Sky Pool"", ""Children's Play Zone"", ""Outdoor Fitness Area"", ""Outdoor Mini Gym"", ""Playing Yard"", ""Pets' Friendly Zone"", ""Water Feature & Landscape"", ""Yoga Decks"", ""Outdoor Fitness Zone"", ""Rooftop Mini Gym"", ""Plunge Pools"", ""Play Yard"", ""Rooftop Gardens"", ""Verdant Terraces"", ""24/7 Security"", ""CCTV"", ""Waste Management"", ""Underground Parking""]",false,false,false,false,true,false,"[""https://wadidegladevelopments.com/wp-content/uploads/2025/07/VYON-Brochure.pdf""]",[],"[""https://wadidegladevelopments.com/projects/vyon/"", ""https://wadidegladevelopments.com/projects/""]","[""raw/screens/vyon_top.png"", ""raw/screens/vyon_bottom.png""]",2026-02-25,0.65,"[""Pricing not published; on request only."", ""Part of New Degla development cluster."", ""Some project details are not publicly disclosed by WDD; Sales Team will assist you.""]",[],[],[]
neopolis,Neopolis,Residential,https://wadidegladevelopments.com/projects/neo-gardens/,https://wadidegladevelopments.com/contact-us/,https://wadidegladevelopments.com/contact-us/,East Cairo,Mostakbal City,Sales Team will assist you,Sales Team will assist you,residential,Sales Team will assist you,,Sales Team will assist you,[],,,,,,,,,on_request,,Prices available upon request from Wadi Degla Developments.,,,,,,Sales Team will assist you,,,[],"[""24/7 Security"", ""Parking"", ""Green Area"", ""Medical"", ""Mosque"", ""Nursery"", ""Commercial Area""]",,,,,,,"[""https://wadidegladevelopments.com/wp-content/uploads/2023/09/Wadi-Degla-Development-Neopolis-Neo-Gardens.pdf""]",[],"[""https://wadidegladevelopments.com/projects/neo-gardens/"", ""https://wadidegladevelopments.com/wp-content/uploads/2023/09/Wadi-Degla-Development-Neopolis-Neo-Gardens.pdf""]","[""raw/screens/neo_gardens_top_1771729801748.png""]",2026-02-25,0.35,"[""Name referenced in official WDD brochure filename (Neopolis-Neo-Gardens.pdf)."", ""URL https://wadidegladevelopments.com/projects/neopolis/ redirects to Neo Gardens."", ""Treated as alternate/master name for Mostakbal City cluster; no standalone page found in this run."", ""Some project details are not publicly disclosed by WDD; Sales Team will assist you.""]",[],[],[]
mada,Mada,,,https://wadidegladevelopments.com/contact-us/,https://wadidegladevelopments.com/contact-us/,,,Sales Team will assist you,Sales Team will assist you,,Sales Team will assist you,,Sales Team will assist you,[],,,,,,,,,on_request,,Prices available upon request from Wadi Degla Developments. Call 19917 or visit official project page.,,,,,,Sales Team will assist you,,,[],[],,,,,,,[],[],"[""https://wadidegladevelopments.com/"", ""https://wadidegladevelopments.com/projects/""]","[""raw/screens/index/projects_full_page_1771723527631.png""]",2026-02-25,0.30,"[""Name referenced in official WDD form/PDF; no dedicated page discovered."", ""https://wadidegladevelopments.com/projects/mada/ returns 404."", ""Not found on projects index in this run."", ""Some project details are not publicly disclosed by WDD; Sales Team will assist you.""]",[],[],[]
camuse,CAMUSE,,,https://wadidegladevelopments.com/contact-us/,https://wadidegladevelopments.com/contact-us/,,,Sales Team will assist you,Sales Team will assist you,,Sales Team will assist you,,Sales Team will assist you,[],,,,,,,,,on_request,,Prices available upon request from Wadi Degla Developments. Call 19917 or visit official project page.,,,,,,Sales Team will assist you,,,[],[],,,,,,,[],[],"[""https://wadidegladevelopments.com/"", ""https://wadidegladevelopments.com/projects/""]","[""raw/screens/index/projects_full_page_1771723527631.png""]",2026-02-25,0.30,"[""Name referenced in official WDD form/PDF; no dedicated page discovered."", ""https://wadidegladevelopments.com/projects/camuse/ returns 404."", ""Not found on projects index or site search in this run."", ""Some project details are not publicly disclosed by WDD; Sales Team will assist you.""]",[],[],[]
